urlid,label
5865,2.2045096e-10
782,2.2045096e-10
6962,2.2045096e-10
7640,2.2045096e-10
3589,2.2045096e-10
6719,2.2045096e-10
3905,2.2045096e-10
9841,2.2045096e-10
7447,2.2045096e-10
4776,2.2045096e-10
2879,2.2045096e-10
2620,2.2045096e-10
10479,2.2045096e-10
1105,2.2045096e-10
1849,2.2045096e-10
8286,2.2045096e-10
8344,2.2045096e-10
10486,2.2045096e-10
8661,2.2045096e-10
7188,2.2045096e-10
1433,2.2045096e-10
677,2.2045096e-10
469,2.2045096e-10
6988,2.2045096e-10
8024,2.2045096e-10
6896,2.2045096e-10
9154,2.2045096e-10
342,2.2045096e-10
50,2.2045096e-10
983,2.2045096e-10
6933,2.2045096e-10
8271,2.2045096e-10
5602,2.2045096e-10
4505,2.2045096e-10
4966,2.2045096e-10
2390,2.2045096e-10
6736,2.2045096e-10
4660,2.2045096e-10
7560,2.2045096e-10
3840,2.2045096e-10
5823,2.2045096e-10
5789,2.2045096e-10
1595,2.2045096e-10
6770,2.2045096e-10
3522,2.2045096e-10
5584,2.2045096e-10
8323,2.2045096e-10
3862,2.2045096e-10
373,2.2045096e-10
7345,2.2045096e-10
7708,2.2045096e-10
1398,2.2045096e-10
4298,2.2045096e-10
7467,2.2045096e-10
1878,2.2045096e-10
1832,2.2045096e-10
625,2.2045096e-10
7438,2.2045096e-10
9961,2.2045096e-10
7117,2.2045096e-10
8190,2.2045096e-10
1713,2.2045096e-10
949,2.2045096e-10
9246,2.2045096e-10
2326,2.2045096e-10
8942,2.2045096e-10
4458,2.2045096e-10
4659,2.2045096e-10
9522,2.2045096e-10
2497,2.2045096e-10
9836,2.2045096e-10
3808,2.2045096e-10
5575,2.2045096e-10
5714,2.2045096e-10
2490,2.2045096e-10
6812,2.2045096e-10
4335,2.2045096e-10
10014,2.2045096e-10
5889,2.2045096e-10
482,2.2045096e-10
8082,2.2045096e-10
5856,2.2045096e-10
8866,2.2045096e-10
2624,2.2045096e-10
1371,2.2045096e-10
4436,2.2045096e-10
2972,2.2045096e-10
3638,2.2045096e-10
6249,2.2045096e-10
7602,2.2045096e-10
9624,2.2045096e-10
7567,2.2045096e-10
6578,2.2045096e-10
7590,2.2045096e-10
8590,2.2045096e-10
10520,2.2045096e-10
1906,2.2045096e-10
1373,2.2045096e-10
1601,2.2045096e-10
4754,2.2045096e-10
8208,2.2045096e-10
1658,2.2045096e-10
1352,2.2045096e-10
8143,2.2045096e-10
7760,2.2045096e-10
7836,2.2045096e-10
9769,2.2045096e-10
503,2.2045096e-10
4909,2.2045096e-10
7162,2.2045096e-10
10035,2.2045096e-10
1992,2.2045096e-10
6133,2.2045096e-10
8519,2.2045096e-10
1879,2.2045096e-10
7107,2.2045096e-10
1225,2.2045096e-10
2451,2.2045096e-10
8252,2.2045096e-10
9214,2.2045096e-10
4850,2.2045096e-10
5891,2.2045096e-10
5274,2.2045096e-10
8623,2.2045096e-10
562,2.2045096e-10
860,2.2045096e-10
4199,2.2045096e-10
7616,2.2045096e-10
10544,2.2045096e-10
1567,2.2045096e-10
6552,2.2045096e-10
954,2.2045096e-10
111,2.2045096e-10
7036,2.2045096e-10
1995,2.2045096e-10
7095,2.2045096e-10
10180,2.2045096e-10
6872,2.2045096e-10
4805,2.2045096e-10
355,2.2045096e-10
8097,2.2045096e-10
9271,2.2045096e-10
431,2.2045096e-10
1646,2.2045096e-10
143,2.2045096e-10
3436,2.2045096e-10
150,2.2045096e-10
9745,2.2045096e-10
715,2.2045096e-10
578,2.2045096e-10
8684,2.2045096e-10
1186,2.2045096e-10
9115,2.2045096e-10
9239,2.2045096e-10
5461,2.2045096e-10
5424,2.2045096e-10
1349,2.2045096e-10
609,2.2045096e-10
7569,2.2045096e-10
1622,2.2045096e-10
6541,2.2045096e-10
9873,2.2045096e-10
305,2.2045096e-10
6041,2.2045096e-10
5360,2.2045096e-10
8445,2.2045096e-10
7260,2.2045096e-10
4526,2.2045096e-10
138,2.2045096e-10
168,2.2045096e-10
7888,2.2045096e-10
4639,2.2045096e-10
867,2.2045096e-10
9673,2.2045096e-10
710,2.2045096e-10
4749,2.2045096e-10
4716,2.2045096e-10
410,2.2045096e-10
2155,2.2045096e-10
3289,2.2045096e-10
7774,2.2045096e-10
1200,2.2045096e-10
9057,2.2045096e-10
2261,2.2045096e-10
9612,2.2045096e-10
4987,2.2045096e-10
3605,2.2045096e-10
5068,2.2045096e-10
4474,2.2045096e-10
5831,2.2045096e-10
4729,2.2045096e-10
10060,2.2045096e-10
6895,2.2045096e-10
3791,2.2045096e-10
7910,2.2045096e-10
4209,2.2045096e-10
4984,2.2045096e-10
1773,2.2045096e-10
2101,2.2045096e-10
7251,2.2045096e-10
2887,2.2045096e-10
875,2.2045096e-10
8185,2.2045096e-10
9688,2.2045096e-10
5342,2.2045096e-10
6802,2.2045096e-10
3077,2.2045096e-10
712,2.2045096e-10
3026,2.2045096e-10
2640,2.2045096e-10
4872,2.2045096e-10
3334,2.2045096e-10
2431,2.2045096e-10
9218,2.2045096e-10
7417,2.2045096e-10
3563,2.2045096e-10
1006,2.2045096e-10
8940,2.2045096e-10
7703,2.2045096e-10
2686,2.2045096e-10
8159,2.2045096e-10
37,2.2045096e-10
65,2.2045096e-10
1910,2.2045096e-10
2202,2.2045096e-10
9717,2.2045096e-10
2388,2.2045096e-10
2365,2.2045096e-10
5072,2.2045096e-10
4614,2.2045096e-10
6955,2.2045096e-10
4094,2.2045096e-10
3319,2.2045096e-10
1456,2.2045096e-10
5381,2.2045096e-10
4479,2.2045096e-10
4766,2.2045096e-10
6076,2.2045096e-10
8064,2.2045096e-10
3416,2.2045096e-10
4892,2.2045096e-10
9942,2.2045096e-10
9215,2.2045096e-10
4506,2.2045096e-10
9275,2.2045096e-10
1306,2.2045096e-10
6828,2.2045096e-10
8368,2.2045096e-10
7205,2.2045096e-10
360,2.2045096e-10
3386,2.2045096e-10
3835,2.2045096e-10
1305,2.2045096e-10
7963,2.2045096e-10
2073,2.2045096e-10
4230,2.2045096e-10
9012,2.2045096e-10
2723,2.2045096e-10
6788,2.2045096e-10
7945,2.2045096e-10
4868,2.2045096e-10
6597,2.2045096e-10
7323,2.2045096e-10
6229,2.2045096e-10
3427,2.2045096e-10
7727,2.2045096e-10
4707,2.2045096e-10
2547,2.2045096e-10
4523,2.2045096e-10
9648,2.2045096e-10
1084,2.2045096e-10
3327,2.2045096e-10
5591,2.2045096e-10
186,2.2045096e-10
2938,2.2045096e-10
9912,2.2045096e-10
6047,2.2045096e-10
2417,2.2045096e-10
10533,2.2045096e-10
1137,2.2045096e-10
1533,2.2045096e-10
9233,2.2045096e-10
43,2.2045096e-10
8986,2.2045096e-10
6000,2.2045096e-10
480,2.2045096e-10
2457,2.2045096e-10
5362,2.2045096e-10
7722,2.2045096e-10
7940,2.2045096e-10
6104,2.2045096e-10
8853,2.2045096e-10
5813,2.2045096e-10
4769,2.2045096e-10
2544,2.2045096e-10
6379,2.2045096e-10
5262,2.2045096e-10
9885,2.2045096e-10
10081,2.2045096e-10
1315,2.2045096e-10
3388,2.2045096e-10
3473,2.2045096e-10
2117,2.2045096e-10
9411,2.2045096e-10
9379,2.2045096e-10
4236,2.2045096e-10
2049,2.2045096e-10
4786,2.2045096e-10
1604,2.2045096e-10
7659,2.2045096e-10
8152,2.2045096e-10
5417,2.2045096e-10
160,2.2045096e-10
6826,2.2045096e-10
1815,2.2045096e-10
3647,2.2045096e-10
5605,2.2045096e-10
3526,2.2045096e-10
3854,2.2045096e-10
1053,2.2045096e-10
2411,2.2045096e-10
6015,2.2045096e-10
2089,2.2045096e-10
7745,2.2045096e-10
6816,2.2045096e-10
3934,2.2045096e-10
6547,2.2045096e-10
3758,2.2045096e-10
7158,2.2045096e-10
1584,2.2045096e-10
2982,2.2045096e-10
7679,2.2045096e-10
5286,2.2045096e-10
3776,2.2045096e-10
1235,2.2045096e-10
6294,2.2045096e-10
1012,2.2045096e-10
10318,2.2045096e-10
7134,2.2045096e-10
5180,2.2045096e-10
2108,2.2045096e-10
3639,2.2045096e-10
6729,2.2045096e-10
2472,2.2045096e-10
10235,2.2045096e-10
190,2.2045096e-10
4713,2.2045096e-10
6827,2.2045096e-10
6108,2.2045096e-10
1114,2.2045096e-10
4848,2.2045096e-10
606,2.2045096e-10
1573,2.2045096e-10
8546,2.2045096e-10
5193,2.2045096e-10
2936,2.2045096e-10
5104,2.2045096e-10
6712,2.2045096e-10
3055,2.2045096e-10
74,2.2045096e-10
7726,2.2045096e-10
9183,2.2045096e-10
162,2.2045096e-10
7288,2.2045096e-10
8657,2.2045096e-10
1295,2.2045096e-10
8207,2.2045096e-10
4433,2.2045096e-10
590,2.2045096e-10
10549,2.2045096e-10
7749,2.2045096e-10
405,2.2045096e-10
10267,2.2045096e-10
7133,2.2045096e-10
7584,2.2045096e-10
6616,2.2045096e-10
1719,2.2045096e-10
9761,2.2045096e-10
5859,2.2045096e-10
5662,2.2045096e-10
1736,2.2045096e-10
9333,2.2045096e-10
1102,2.2045096e-10
2790,2.2045096e-10
6598,2.2045096e-10
7995,2.2045096e-10
4452,2.2045096e-10
159,2.2045096e-10
511,2.2045096e-10
7006,2.2045096e-10
1123,2.2045096e-10
6073,2.2045096e-10
7094,2.2045096e-10
10008,2.2045096e-10
7573,2.2045096e-10
679,2.2045096e-10
6809,2.2045096e-10
1108,2.2045096e-10
380,2.2045096e-10
204,2.2045096e-10
7075,2.2045096e-10
2550,2.2045096e-10
9785,2.2045096e-10
5036,2.2045096e-10
3129,2.2045096e-10
6495,2.2045096e-10
880,2.2045096e-10
2360,2.2045096e-10
7839,2.2045096e-10
350,2.2045096e-10
9151,2.2045096e-10
6650,2.2045096e-10
7208,2.2045096e-10
5840,2.2045096e-10
5997,2.2045096e-10
2103,2.2045096e-10
713,2.2045096e-10
7771,2.2045096e-10
10255,2.2045096e-10
3944,2.2045096e-10
4250,2.2045096e-10
2833,2.2045096e-10
3052,2.2045096e-10
7855,2.2045096e-10
4152,2.2045096e-10
4445,2.2045096e-10
10036,2.2045096e-10
9727,2.2045096e-10
2234,2.2045096e-10
9632,2.2045096e-10
626,2.2045096e-10
1644,2.2045096e-10
4859,2.2045096e-10
3987,2.2045096e-10
5884,2.2045096e-10
4112,2.2045096e-10
10392,2.2045096e-10
2962,2.2045096e-10
21,2.2045096e-10
8524,2.2045096e-10
2543,2.2045096e-10
663,2.2045096e-10
2748,2.2045096e-10
3451,2.2045096e-10
964,2.2045096e-10
10560,2.2045096e-10
2428,2.2045096e-10
4520,2.2045096e-10
7660,2.2045096e-10
6583,2.2045096e-10
10390,2.2045096e-10
688,2.2045096e-10
7957,2.2045096e-10
3356,2.2045096e-10
1766,2.2045096e-10
9128,2.2045096e-10
2340,2.2045096e-10
9421,2.2045096e-10
7712,2.2045096e-10
8200,2.2045096e-10
8762,2.2045096e-10
6446,2.2045096e-10
5194,2.2045096e-10
960,2.2045096e-10
779,2.2045096e-10
3584,2.2045096e-10
3011,2.2045096e-10
2769,2.2045096e-10
1392,2.2045096e-10
7254,2.2045096e-10
9084,2.2045096e-10
9622,2.2045096e-10
3665,2.2045096e-10
1609,2.2045096e-10
6130,2.2045096e-10
10155,2.2045096e-10
7826,2.2045096e-10
8300,2.2045096e-10
5038,2.2045096e-10
7582,2.2045096e-10
9561,2.2045096e-10
7430,2.2045096e-10
5045,2.2045096e-10
10421,2.2045096e-10
5675,2.2045096e-10
4687,2.2045096e-10
4944,2.2045096e-10
5105,2.2045096e-10
148,2.2045096e-10
6371,2.2045096e-10
8108,2.2045096e-10
4354,2.2045096e-10
6077,2.2045096e-10
4292,2.2045096e-10
10068,2.2045096e-10
5821,2.2045096e-10
1042,2.2045096e-10
7715,2.2045096e-10
9703,2.2045096e-10
2761,2.2045096e-10
7002,2.2045096e-10
7313,2.2045096e-10
9050,2.2045096e-10
5518,2.2045096e-10
10556,2.2045096e-10
1078,2.2045096e-10
9699,2.2045096e-10
10445,2.2045096e-10
8748,2.2045096e-10
2960,2.2045096e-10
4317,2.2045096e-10
939,2.2045096e-10
8423,2.2045096e-10
5196,2.2045096e-10
8151,2.2045096e-10
7199,2.2045096e-10
1574,2.2045096e-10
8566,2.2045096e-10
7389,2.2045096e-10
1177,2.2045096e-10
10282,2.2045096e-10
10098,2.2045096e-10
4512,2.2045096e-10
4055,2.2045096e-10
8431,2.2045096e-10
4532,2.2045096e-10
10450,2.2045096e-10
5754,2.2045096e-10
1882,2.2045096e-10
1563,2.2045096e-10
4871,2.2045096e-10
8440,2.2045096e-10
3253,2.2045096e-10
8270,2.2045096e-10
4610,2.2045096e-10
9619,2.2045096e-10
8786,2.2045096e-10
2889,2.2045096e-10
9781,2.2045096e-10
5061,2.2045096e-10
7059,2.2045096e-10
2064,2.2045096e-10
1587,2.2045096e-10
1934,2.2045096e-10
5516,2.2045096e-10
9853,2.2045096e-10
7867,2.2045096e-10
1556,2.2045096e-10
5495,2.2045096e-10
4274,2.2045096e-10
8177,2.2045096e-10
9491,2.2045096e-10
9813,2.2045096e-10
2205,2.2045096e-10
2710,2.2045096e-10
2992,2.2045096e-10
7998,2.2045096e-10
6428,2.2045096e-10
6638,2.2045096e-10
3035,2.2045096e-10
1578,2.2045096e-10
1324,2.2045096e-10
2316,2.2045096e-10
9326,2.2045096e-10
7359,2.2045096e-10
7741,2.2045096e-10
5143,2.2045096e-10
8196,2.2045096e-10
630,2.2045096e-10
8481,2.2045096e-10
8497,2.2045096e-10
5409,2.2045096e-10
5749,2.2045096e-10
8219,2.2045096e-10
9571,2.2045096e-10
4886,2.2045096e-10
5367,2.2045096e-10
1185,2.2045096e-10
8291,2.2045096e-10
1590,2.2045096e-10
7698,2.2045096e-10
51,2.2045096e-10
8784,2.2045096e-10
3928,2.2045096e-10
5987,2.2045096e-10
7008,2.2045096e-10
7482,2.2045096e-10
9374,2.2045096e-10
1296,2.2045096e-10
10289,2.2045096e-10
2986,2.2045096e-10
4651,2.2045096e-10
8594,2.2045096e-10
7469,2.2045096e-10
2871,2.2045096e-10
1903,2.2045096e-10
8571,2.2045096e-10
4832,2.2045096e-10
1242,2.2045096e-10
7115,2.2045096e-10
3599,2.2045096e-10
2065,2.2045096e-10
4529,2.2045096e-10
763,2.2045096e-10
6698,2.2045096e-10
2002,2.2045096e-10
2020,2.2045096e-10
5229,2.2045096e-10
8243,2.2045096e-10
6936,2.2045096e-10
9360,2.2045096e-10
4360,2.2045096e-10
7951,2.2045096e-10
6701,2.2045096e-10
7574,2.2045096e-10
2426,2.2045096e-10
1681,2.2045096e-10
7135,2.2045096e-10
3688,2.2045096e-10
3872,2.2045096e-10
558,2.2045096e-10
2228,2.2045096e-10
8170,2.2045096e-10
7171,2.2045096e-10
7756,2.2045096e-10
3609,2.2045096e-10
3985,2.2045096e-10
1139,2.2045096e-10
3453,2.2045096e-10
7583,2.2045096e-10
9788,2.2045096e-10
10175,2.2045096e-10
6059,2.2045096e-10
104,2.2045096e-10
10168,2.2045096e-10
8902,2.2045096e-10
5343,2.2045096e-10
4239,2.2045096e-10
6767,2.2045096e-10
6269,2.2045096e-10
6682,2.2045096e-10
9558,2.2045096e-10
2416,2.2045096e-10
6592,2.2045096e-10
6196,2.2045096e-10
2751,2.2045096e-10
3412,2.2045096e-10
8302,2.2045096e-10
1120,2.2045096e-10
8005,2.2045096e-10
6637,2.2045096e-10
6440,2.2045096e-10
6679,2.2045096e-10
8039,2.2045096e-10
5357,2.2045096e-10
8844,2.2045096e-10
2964,2.2045096e-10
6040,2.2045096e-10
7259,2.2045096e-10
8974,2.2045096e-10
7439,2.2045096e-10
1045,2.2045096e-10
7706,2.2045096e-10
9724,2.2045096e-10
3698,2.2045096e-10
7339,2.2045096e-10
1749,2.2045096e-10
7257,2.2045096e-10
2963,2.2045096e-10
7775,2.2045096e-10
10501,2.2045096e-10
4258,2.2045096e-10
7908,2.2045096e-10
722,2.2045096e-10
6519,2.2045096e-10
6916,2.2045096e-10
4456,2.2045096e-10
2731,2.2045096e-10
917,2.2045096e-10
4107,2.2045096e-10
7894,2.2045096e-10
2540,2.2045096e-10
8455,2.2045096e-10
10406,2.2045096e-10
8909,2.2045096e-10
5489,2.2045096e-10
306,2.2045096e-10
3894,2.2045096e-10
2735,2.2045096e-10
4939,2.2045096e-10
1551,2.2045096e-10
777,2.2045096e-10
2160,2.2045096e-10
8599,2.2045096e-10
2727,2.2045096e-10
6362,2.2045096e-10
1417,2.2045096e-10
10343,2.2045096e-10
4866,2.2045096e-10
2682,2.2045096e-10
9856,2.2045096e-10
4498,2.2045096e-10
7450,2.2045096e-10
6899,2.2045096e-10
5649,2.2045096e-10
6086,2.2045096e-10
1618,2.2045096e-10
9926,2.2045096e-10
2847,2.2045096e-10
8099,2.2045096e-10
5724,2.2045096e-10
3358,2.2045096e-10
8136,2.2045096e-10
955,2.2045096e-10
8819,2.2045096e-10
5832,2.2045096e-10
10413,2.2045096e-10
6548,2.2045096e-10
8407,2.2045096e-10
10090,2.2045096e-10
8564,2.2045096e-10
808,2.2045096e-10
5303,2.2045096e-10
8913,2.2045096e-10
9425,2.2045096e-10
9543,2.2045096e-10
1219,2.2045096e-10
9575,2.2045096e-10
4019,2.2045096e-10
6223,2.2045096e-10
9588,2.2045096e-10
4739,2.2045096e-10
10492,2.2045096e-10
2017,2.2045096e-10
5524,2.2045096e-10
7449,2.2045096e-10
5734,2.2045096e-10
5456,2.2045096e-10
797,2.2045096e-10
5525,2.2045096e-10
8265,2.2045096e-10
1981,2.2045096e-10
8977,2.2045096e-10
6241,2.2045096e-10
6021,2.2045096e-10
7720,2.2045096e-10
8632,2.2045096e-10
6705,2.2045096e-10
2476,2.2045096e-10
3510,2.2045096e-10
8887,2.2045096e-10
10115,2.2045096e-10
9061,2.2045096e-10
5570,2.2045096e-10
2763,2.2045096e-10
1437,2.2045096e-10
3448,2.2045096e-10
3529,2.2045096e-10
3156,2.2045096e-10
4604,2.2045096e-10
6776,2.2045096e-10
10227,2.2045096e-10
1545,2.2045096e-10
10487,2.2045096e-10
993,2.2045096e-10
1161,2.2045096e-10
7975,2.2045096e-10
1591,2.2045096e-10
7804,2.2045096e-10
5048,2.2045096e-10
10454,2.2045096e-10
3567,2.2045096e-10
5886,2.2045096e-10
9937,2.2045096e-10
3931,2.2045096e-10
9706,2.2045096e-10
10193,2.2045096e-10
5569,2.2045096e-10
9747,2.2045096e-10
2217,2.2045096e-10
5936,2.2045096e-10
3885,2.2045096e-10
1086,2.2045096e-10
1799,2.2045096e-10
9763,2.2045096e-10
3299,2.2045096e-10
8268,2.2045096e-10
473,2.2045096e-10
337,2.2045096e-10
9381,2.2045096e-10
6426,2.2045096e-10
1210,2.2045096e-10
4986,2.2045096e-10
8285,2.2045096e-10
2024,2.2045096e-10
245,2.2045096e-10
4807,2.2045096e-10
2208,2.2045096e-10
9835,2.2045096e-10
8963,2.2045096e-10
9946,2.2045096e-10
5230,2.2045096e-10
2788,2.2045096e-10
674,2.2045096e-10
1629,2.2045096e-10
2300,2.2045096e-10
169,2.2045096e-10
3575,2.2045096e-10
6910,2.2045096e-10
1479,2.2045096e-10
10498,2.2045096e-10
8062,2.2045096e-10
9672,2.2045096e-10
9467,2.2045096e-10
6763,2.2045096e-10
8508,2.2045096e-10
1034,2.2045096e-10
3756,2.2045096e-10
9263,2.2045096e-10
8141,2.2045096e-10
532,2.2045096e-10
7022,2.2045096e-10
4024,2.2045096e-10
3298,2.2045096e-10
5641,2.2045096e-10
10455,2.2045096e-10
5206,2.2045096e-10
7005,2.2045096e-10
8971,2.2045096e-10
8358,2.2045096e-10
257,2.2045096e-10
78,2.2045096e-10
6333,2.2045096e-10
7969,2.2045096e-10
2505,2.2045096e-10
2004,2.2045096e-10
3748,2.2045096e-10
5668,2.2045096e-10
365,2.2045096e-10
9651,2.2045096e-10
2324,2.2045096e-10
3902,2.2045096e-10
9294,2.2045096e-10
5377,2.2045096e-10
2817,2.2045096e-10
7670,2.2045096e-10
4755,2.2045096e-10
255,2.2045096e-10
2714,2.2045096e-10
2922,2.2045096e-10
5517,2.2045096e-10
5157,2.2045096e-10
64,2.2045096e-10
5300,2.2045096e-10
451,2.2045096e-10
3941,2.2045096e-10
326,2.2045096e-10
3757,2.2045096e-10
8798,2.2045096e-10
2315,2.2045096e-10
6755,2.2045096e-10
2916,2.2045096e-10
7406,2.2045096e-10
3703,2.2045096e-10
5403,2.2045096e-10
622,2.2045096e-10
9,2.2045096e-10
5848,2.2045096e-10
8670,2.2045096e-10
1156,2.2045096e-10
10179,2.2045096e-10
2028,2.2045096e-10
3924,2.2045096e-10
620,2.2045096e-10
1963,2.2045096e-10
4537,2.2045096e-10
8970,2.2045096e-10
3024,2.2045096e-10
6140,2.2045096e-10
1866,2.2045096e-10
4442,2.2045096e-10
2312,2.2045096e-10
6749,2.2045096e-10
459,2.2045096e-10
1516,2.2045096e-10
8817,2.2045096e-10
4912,2.2045096e-10
2076,2.2045096e-10
10023,2.2045096e-10
7684,2.2045096e-10
3531,2.2045096e-10
6209,2.2045096e-10
10508,2.2045096e-10
8678,2.2045096e-10
3541,2.2045096e-10
1208,2.2045096e-10
4090,2.2045096e-10
1097,2.2045096e-10
5099,2.2045096e-10
2816,2.2045096e-10
4291,2.2045096e-10
1409,2.2045096e-10
6401,2.2045096e-10
4617,2.2045096e-10
6111,2.2045096e-10
6172,2.2045096e-10
10357,2.2045096e-10
8465,2.2045096e-10
3867,2.2045096e-10
9495,2.2045096e-10
4348,2.2045096e-10
7879,2.2045096e-10
9273,2.2045096e-10
3252,2.2045096e-10
9167,2.2045096e-10
2573,2.2045096e-10
7395,2.2045096e-10
9046,2.2045096e-10
1526,2.2045096e-10
9339,2.2045096e-10
10301,2.2045096e-10
7588,2.2045096e-10
1104,2.2045096e-10
1310,2.2045096e-10
6631,2.2045096e-10
10475,2.2045096e-10
9090,2.2045096e-10
1528,2.2045096e-10
1657,2.2045096e-10
1175,2.2045096e-10
1895,2.2045096e-10
3864,2.2045096e-10
4700,2.2045096e-10
3572,2.2045096e-10
10507,2.2045096e-10
269,2.2045096e-10
5744,2.2045096e-10
1687,2.2045096e-10
3020,2.2045096e-10
4974,2.2045096e-10
5119,2.2045096e-10
1916,2.2045096e-10
6687,2.2045096e-10
2197,2.2045096e-10
8641,2.2045096e-10
10073,2.2045096e-10
1967,2.2045096e-10
4999,2.2045096e-10
9816,2.2045096e-10
734,2.2045096e-10
9665,2.2045096e-10
5092,2.2045096e-10
2591,2.2045096e-10
9877,2.2045096e-10
4601,2.2045096e-10
7734,2.2045096e-10
7185,2.2045096e-10
6405,2.2045096e-10
7003,2.2045096e-10
928,2.2045096e-10
6490,2.2045096e-10
1586,2.2045096e-10
10139,2.2045096e-10
1192,2.2045096e-10
10526,2.2045096e-10
5544,2.2045096e-10
8779,2.2045096e-10
4497,2.2045096e-10
3059,2.2045096e-10
2181,2.2045096e-10
2303,2.2045096e-10
1190,2.2045096e-10
1468,2.2045096e-10
8771,2.2045096e-10
8997,2.2045096e-10
6365,2.2045096e-10
10355,2.2045096e-10
3478,2.2045096e-10
3764,2.2045096e-10
3542,2.2045096e-10
4941,2.2045096e-10
1840,2.2045096e-10
463,2.2045096e-10
7407,2.2045096e-10
7711,2.2045096e-10
6044,2.2045096e-10
3750,2.2045096e-10
10114,2.2045096e-10
1332,2.2045096e-10
425,2.2045096e-10
3479,2.2045096e-10
1979,2.2045096e-10
2994,2.2045096e-10
207,2.2045096e-10
5820,2.2045096e-10
9187,2.2045096e-10
5423,2.2045096e-10
2743,2.2045096e-10
2902,2.2045096e-10
9126,2.2045096e-10
7903,2.2045096e-10
4100,2.2045096e-10
3578,2.2045096e-10
6061,2.2045096e-10
5081,2.2045096e-10
4575,2.2045096e-10
6695,2.2045096e-10
5960,2.2045096e-10
10186,2.2045096e-10
6795,2.2045096e-10
10022,2.2045096e-10
5841,2.2045096e-10
7481,2.2045096e-10
9331,2.2045096e-10
400,2.2045096e-10
6907,2.2045096e-10
10393,2.2045096e-10
3709,2.2045096e-10
4726,2.2045096e-10
3007,2.2045096e-10
4723,2.2045096e-10
597,2.2045096e-10
1810,2.2045096e-10
4131,2.2045096e-10
4697,2.2045096e-10
8838,2.2045096e-10
5956,2.2045096e-10
4196,2.2045096e-10
63,2.2045096e-10
1714,2.2045096e-10
904,2.2045096e-10
9715,2.2045096e-10
4,2.2045096e-10
5462,2.2045096e-10
259,2.2045096e-10
5418,2.2045096e-10
6849,2.2045096e-10
9893,2.2045096e-10
10003,2.2045096e-10
4976,2.2045096e-10
7611,2.2045096e-10
900,2.2045096e-10
3746,2.2045096e-10
3893,2.2045096e-10
2966,2.2045096e-10
9667,2.2045096e-10
9734,2.2045096e-10
8123,2.2045096e-10
8470,2.2045096e-10
4058,2.2045096e-10
4623,2.2045096e-10
3782,2.2045096e-10
7966,2.2045096e-10
6003,2.2045096e-10
2168,2.2045096e-10
422,2.2045096e-10
6381,2.2045096e-10
1136,2.2045096e-10
3443,2.2045096e-10
2214,2.2045096e-10
9973,2.2045096e-10
1593,2.2045096e-10
5474,2.2045096e-10
812,2.2045096e-10
4703,2.2045096e-10
4294,2.2045096e-10
10021,2.2045096e-10
395,2.2045096e-10
3237,2.2045096e-10
9099,2.2045096e-10
2401,2.2045096e-10
10371,2.2045096e-10
3420,2.2045096e-10
3460,2.2045096e-10
9088,2.2045096e-10
5995,2.2045096e-10
3084,2.2045096e-10
3595,2.2045096e-10
9524,2.2045096e-10
167,2.2045096e-10
9743,2.2045096e-10
6109,2.2045096e-10
433,2.2045096e-10
6292,2.2045096e-10
8125,2.2045096e-10
4035,2.2045096e-10
2929,2.2045096e-10
8810,2.2045096e-10
4403,2.2045096e-10
3925,2.2045096e-10
1290,2.2045096e-10
3689,2.2045096e-10
6709,2.2045096e-10
8021,2.2045096e-10
6237,2.2045096e-10
1453,2.2045096e-10
7340,2.2045096e-10
6078,2.2045096e-10
2369,2.2045096e-10
1781,2.2045096e-10
3830,2.2045096e-10
7625,2.2045096e-10
8150,2.2045096e-10
1680,2.2045096e-10
7077,2.2045096e-10
3360,2.2045096e-10
7927,2.2045096e-10
244,2.2045096e-10
8107,2.2045096e-10
820,2.2045096e-10
5915,2.2045096e-10
924,2.2045096e-10
9207,2.2045096e-10
4077,2.2045096e-10
6052,2.2045096e-10
508,2.2045096e-10
8105,2.2045096e-10
4405,2.2045096e-10
7558,2.2045096e-10
6094,2.2045096e-10
484,2.2045096e-10
8927,2.2045096e-10
310,2.2045096e-10
8075,2.2045096e-10
1094,2.2045096e-10
3211,2.2045096e-10
1700,2.2045096e-10
4816,2.2045096e-10
9354,2.2045096e-10
8845,2.2045096e-10
7530,2.2045096e-10
1520,2.2045096e-10
1087,2.2045096e-10
5786,2.2045096e-10
6847,2.2045096e-10
999,2.2045096e-10
5308,2.2045096e-10
6569,2.2045096e-10
10200,2.2045096e-10
5868,2.2045096e-10
1757,2.2045096e-10
4625,2.2045096e-10
2955,2.2045096e-10
6187,2.2045096e-10
9931,2.2045096e-10
4883,2.2045096e-10
2488,2.2045096e-10
156,2.2045096e-10
2820,2.2045096e-10
1311,2.2045096e-10
1517,2.2045096e-10
3640,2.2045096e-10
5763,2.2045096e-10
6689,2.2045096e-10
1193,2.2045096e-10
8217,2.2045096e-10
10327,2.2045096e-10
5042,2.2045096e-10
6903,2.2045096e-10
2068,2.2045096e-10
7614,2.2045096e-10
8842,2.2045096e-10
2445,2.2045096e-10
10276,2.2045096e-10
4931,2.2045096e-10
6842,2.2045096e-10
5927,2.2045096e-10
6207,2.2045096e-10
4539,2.2045096e-10
8721,2.2045096e-10
3618,2.2045096e-10
2580,2.2045096e-10
5321,2.2045096e-10
3181,2.2045096e-10
4742,2.2045096e-10
3340,2.2045096e-10
8310,2.2045096e-10
3948,2.2045096e-10
2126,2.2045096e-10
10436,2.2045096e-10
9635,2.2045096e-10
9022,2.2045096e-10
8576,2.2045096e-10
2522,2.2045096e-10
7341,2.2045096e-10
7377,2.2045096e-10
7636,2.2045096e-10
2536,2.2045096e-10
2706,2.2045096e-10
4814,2.2045096e-10
6032,2.2045096e-10
2630,2.2045096e-10
1857,2.2045096e-10
5412,2.2045096e-10
1957,2.2045096e-10
9805,2.2045096e-10
9256,2.2045096e-10
1055,2.2045096e-10
8439,2.2045096e-10
317,2.2045096e-10
6126,2.2045096e-10
9970,2.2045096e-10
6008,2.2045096e-10
2811,2.2045096e-10
10214,2.2045096e-10
10337,2.2045096e-10
6563,2.2045096e-10
5611,2.2045096e-10
6358,2.2045096e-10
8446,2.2045096e-10
974,2.2045096e-10
4839,2.2045096e-10
4806,2.2045096e-10
4597,2.2045096e-10
4649,2.2045096e-10
7744,2.2045096e-10
5826,2.2045096e-10
6118,2.2045096e-10
6785,2.2045096e-10
301,2.2045096e-10
3192,2.2045096e-10
9854,2.2045096e-10
9227,2.2045096e-10
4768,2.2045096e-10
2961,2.2045096e-10
4564,2.2045096e-10
2484,2.2045096e-10
1606,2.2045096e-10
2864,2.2045096e-10
2884,2.2045096e-10
2753,2.2045096e-10
4366,2.2045096e-10
2470,2.2045096e-10
6369,2.2045096e-10
2754,2.2045096e-10
2501,2.2045096e-10
8890,2.2045096e-10
2093,2.2045096e-10
4937,2.2045096e-10
2850,2.2045096e-10
3706,2.2045096e-10
6645,2.2045096e-10
5799,2.2045096e-10
4229,2.2045096e-10
4900,2.2045096e-10
7883,2.2045096e-10
4629,2.2045096e-10
6459,2.2045096e-10
10381,2.2045096e-10
220,2.2045096e-10
761,2.2045096e-10
4264,2.2045096e-10
6633,2.2045096e-10
1424,2.2045096e-10
7017,2.2045096e-10
6901,2.2045096e-10
7126,2.2045096e-10
881,2.2045096e-10
6382,2.2045096e-10
7502,2.2045096e-10
1911,2.2045096e-10
3076,2.2045096e-10
9281,2.2045096e-10
1534,2.2045096e-10
8378,2.2045096e-10
4717,2.2045096e-10
7012,2.2045096e-10
9028,2.2045096e-10
5407,2.2045096e-10
274,2.2045096e-10
9465,2.2045096e-10
5164,2.2045096e-10
937,2.2045096e-10
5264,2.2045096e-10
8051,2.2045096e-10
10304,2.2045096e-10
2403,2.2045096e-10
1697,2.2045096e-10
8142,2.2045096e-10
3734,2.2045096e-10
8487,2.2045096e-10
5123,2.2045096e-10
8726,2.2045096e-10
2336,2.2045096e-10
7376,2.2045096e-10
2793,2.2045096e-10
1998,2.2045096e-10
319,2.2045096e-10
6783,2.2045096e-10
6911,2.2045096e-10
3078,2.2045096e-10
3310,2.2045096e-10
4790,2.2045096e-10
2712,2.2045096e-10
2968,2.2045096e-10
7777,2.2045096e-10
10442,2.2045096e-10
1654,2.2045096e-10
10438,2.2045096e-10
4509,2.2045096e-10
3963,2.2045096e-10
5043,2.2045096e-10
5421,2.2045096e-10
6465,2.2045096e-10
8034,2.2045096e-10
806,2.2045096e-10
1090,2.2045096e-10
1566,2.2045096e-10
10187,2.2045096e-10
2634,2.2045096e-10
569,2.2045096e-10
135,2.2045096e-10
3732,2.2045096e-10
6247,2.2045096e-10
10466,2.2045096e-10
8429,2.2045096e-10
6725,2.2045096e-10
6128,2.2045096e-10
8496,2.2045096e-10
2433,2.2045096e-10
5552,2.2045096e-10
7122,2.2045096e-10
376,2.2045096e-10
796,2.2045096e-10
6121,2.2045096e-10
8960,2.2045096e-10
5686,2.2045096e-10
2213,2.2045096e-10
6602,2.2045096e-10
3357,2.2045096e-10
1997,2.2045096e-10
691,2.2045096e-10
4370,2.2045096e-10
9660,2.2045096e-10
7189,2.2045096e-10
6660,2.2045096e-10
2074,2.2045096e-10
5375,2.2045096e-10
1816,2.2045096e-10
9802,2.2045096e-10
7654,2.2045096e-10
3784,2.2045096e-10
9604,2.2045096e-10
6397,2.2045096e-10
7125,2.2045096e-10
1460,2.2045096e-10
5718,2.2045096e-10
5452,2.2045096e-10
7064,2.2045096e-10
8272,2.2045096e-10
3620,2.2045096e-10
2772,2.2045096e-10
5150,2.2045096e-10
125,2.2045096e-10
1005,2.2045096e-10
616,2.2045096e-10
9056,2.2045096e-10
3972,2.2045096e-10
746,2.2045096e-10
10286,2.2045096e-10
723,2.2045096e-10
1283,2.2045096e-10
8009,2.2045096e-10
8509,2.2045096e-10
8220,2.2045096e-10
7393,2.2045096e-10
8499,2.2045096e-10
3789,2.2045096e-10
9658,2.2045096e-10
8171,2.2045096e-10
1985,2.2045096e-10
733,2.2045096e-10
6706,2.2045096e-10
6282,2.2045096e-10
7243,2.2045096e-10
3995,2.2045096e-10
4375,2.2045096e-10
1647,2.2045096e-10
9306,2.2045096e-10
9272,2.2045096e-10
9464,2.2045096e-10
5340,2.2045096e-10
5475,2.2045096e-10
4911,2.2045096e-10
9315,2.2045096e-10
811,2.2045096e-10
6395,2.2045096e-10
3229,2.2045096e-10
2250,2.2045096e-10
8433,2.2045096e-10
10428,2.2045096e-10
10461,2.2045096e-10
8408,2.2045096e-10
3945,2.2045096e-10
863,2.2045096e-10
4683,2.2045096e-10
1162,2.2045096e-10
9132,2.2045096e-10
1076,2.2045096e-10
7236,2.2045096e-10
3218,2.2045096e-10
6866,2.2045096e-10
4997,2.2045096e-10
9121,2.2045096e-10
8696,2.2045096e-10
3313,2.2045096e-10
1421,2.2045096e-10
80,2.2045096e-10
8163,2.2045096e-10
4583,2.2045096e-10
4053,2.2045096e-10
8693,2.2045096e-10
4139,2.2045096e-10
6976,2.2045096e-10
3549,2.2045096e-10
5534,2.2045096e-10
1638,2.2045096e-10
6375,2.2045096e-10
1008,2.2045096e-10
9120,2.2045096e-10
8071,2.2045096e-10
3266,2.2045096e-10
10482,2.2045096e-10
5288,2.2045096e-10
6302,2.2045096e-10
2183,2.2045096e-10
9199,2.2045096e-10
5441,2.2045096e-10
4418,2.2045096e-10
7287,2.2045096e-10
1532,2.2045096e-10
2978,2.2045096e-10
1230,2.2045096e-10
6423,2.2045096e-10
9643,2.2045096e-10
5142,2.2045096e-10
9368,2.2045096e-10
6132,2.2045096e-10
9031,2.2045096e-10
4767,2.2045096e-10
844,2.2045096e-10
10296,2.2045096e-10
9045,2.2045096e-10
10469,2.2045096e-10
9223,2.2045096e-10
9340,2.2045096e-10
1226,2.2045096e-10
686,2.2045096e-10
4037,2.2045096e-10
7620,2.2045096e-10
9322,2.2045096e-10
2943,2.2045096e-10
6549,2.2045096e-10
8124,2.2045096e-10
1803,2.2045096e-10
8025,2.2045096e-10
368,2.2045096e-10
3660,2.2045096e-10
4943,2.2045096e-10
9143,2.2045096e-10
958,2.2045096e-10
4272,2.2045096e-10
200,2.2045096e-10
7314,2.2045096e-10
7827,2.2045096e-10
252,2.2045096e-10
2242,2.2045096e-10
2804,2.2045096e-10
8802,2.2045096e-10
7645,2.2045096e-10
7228,2.2045096e-10
9200,2.2045096e-10
4738,2.2045096e-10
4513,2.2045096e-10
7999,2.2045096e-10
3938,2.2045096e-10
8127,2.2045096e-10
9265,2.2045096e-10
7353,2.2045096e-10
4772,2.2045096e-10
4461,2.2045096e-10
1335,2.2045096e-10
9018,2.2045096e-10
10460,2.2045096e-10
7956,2.2045096e-10
1238,2.2045096e-10
2552,2.2045096e-10
6517,2.2045096e-10
5925,2.2045096e-10
7413,2.2045096e-10
3728,2.2045096e-10
1103,2.2045096e-10
3704,2.2045096e-10
8413,2.2045096e-10
4533,2.2045096e-10
5449,2.2045096e-10
7306,2.2045096e-10
1401,2.2045096e-10
7365,2.2045096e-10
8363,2.2045096e-10
3656,2.2045096e-10
5683,2.2045096e-10
1940,2.2045096e-10
8674,2.2045096e-10
6745,2.2045096e-10
4431,2.2045096e-10
2263,2.2045096e-10
7506,2.2045096e-10
4059,2.2045096e-10
4588,2.2045096e-10
8692,2.2045096e-10
7258,2.2045096e-10
5448,2.2045096e-10
8865,2.2045096e-10
1119,2.2045096e-10
7642,2.2045096e-10
9981,2.2045096e-10
181,2.2045096e-10
7528,2.2045096e-10
9086,2.2045096e-10
4963,2.2045096e-10
5292,2.2045096e-10
1254,2.2045096e-10
2125,2.2045096e-10
5601,2.2045096e-10
2758,2.2045096e-10
1922,2.2045096e-10
5440,2.2045096e-10
3001,2.2045096e-10
4011,2.2045096e-10
8604,2.2045096e-10
2779,2.2045096e-10
1568,2.2045096e-10
10123,2.2045096e-10
9053,2.2045096e-10
8028,2.2045096e-10
82,2.2045096e-10
2845,2.2045096e-10
10221,2.2045096e-10
8598,2.2045096e-10
5011,2.2045096e-10
7401,2.2045096e-10
8687,2.2045096e-10
8767,2.2045096e-10
10046,2.2045096e-10
1920,2.2045096e-10
4364,2.2045096e-10
9395,2.2045096e-10
3602,2.2045096e-10
9038,2.2045096e-10
7786,2.2045096e-10
5106,2.2045096e-10
9337,2.2045096e-10
1575,2.2045096e-10
10291,2.2045096e-10
2965,2.2045096e-10
1478,2.2045096e-10
3625,2.2045096e-10
7329,2.2045096e-10
4116,2.2045096e-10
9136,2.2045096e-10
6870,2.2045096e-10
4073,2.2045096e-10
7863,2.2045096e-10
7437,2.2045096e-10
278,2.2045096e-10
1977,2.2045096e-10
8570,2.2045096e-10
6800,2.2045096e-10
8964,2.2045096e-10
7534,2.2045096e-10
6539,2.2045096e-10
645,2.2045096e-10
8223,2.2045096e-10
610,2.2045096e-10
1512,2.2045096e-10
8340,2.2045096e-10
4524,2.2045096e-10
7465,2.2045096e-10
6313,2.2045096e-10
1873,2.2045096e-10
1015,2.2045096e-10
444,2.2045096e-10
4967,2.2045096e-10
8988,2.2045096e-10
3199,2.2045096e-10
8020,2.2045096e-10
6103,2.2045096e-10
362,2.2045096e-10
7325,2.2045096e-10
5730,2.2045096e-10
10448,2.2045096e-10
1452,2.2045096e-10
6669,2.2045096e-10
7892,2.2045096e-10
7859,2.2045096e-10
5866,2.2045096e-10
2970,2.2045096e-10
9609,2.2045096e-10
893,2.2045096e-10
4176,2.2045096e-10
4280,2.2045096e-10
3970,2.2045096e-10
4516,2.2045096e-10
7503,2.2045096e-10
7955,2.2045096e-10
9852,2.2045096e-10
8380,2.2045096e-10
9284,2.2045096e-10
10386,2.2045096e-10
4004,2.2045096e-10
5328,2.2045096e-10
9274,2.2045096e-10
4646,2.2045096e-10
396,2.2045096e-10
5513,2.2045096e-10
4117,2.2045096e-10
3751,2.2045096e-10
9767,2.2045096e-10
1071,2.2045096e-10
7812,2.2045096e-10
5059,2.2045096e-10
2667,2.2045096e-10
9304,2.2045096e-10
10385,2.2045096e-10
7930,2.2045096e-10
5225,2.2045096e-10
9839,2.2045096e-10
2831,2.2045096e-10
2387,2.2045096e-10
3433,2.2045096e-10
5101,2.2045096e-10
6357,2.2045096e-10
5476,2.2045096e-10
3807,2.2045096e-10
10232,2.2045096e-10
1508,2.2045096e-10
6993,2.2045096e-10
5505,2.2045096e-10
6009,2.2045096e-10
5301,2.2045096e-10
6766,2.2045096e-10
2248,2.2045096e-10
8572,2.2045096e-10
852,2.2045096e-10
7871,2.2045096e-10
6926,2.2045096e-10
10220,2.2045096e-10
9007,2.2045096e-10
6990,2.2045096e-10
2012,2.2045096e-10
5645,2.2045096e-10
9091,2.2045096e-10
3797,2.2045096e-10
7201,2.2045096e-10
672,2.2045096e-10
1257,2.2045096e-10
2010,2.2045096e-10
8222,2.2045096e-10
9636,2.2045096e-10
2746,2.2045096e-10
2919,2.2045096e-10
5231,2.2045096e-10
5625,2.2045096e-10
10254,2.2045096e-10
2651,2.2045096e-10
1740,2.2045096e-10
3212,2.2045096e-10
10502,2.2045096e-10
7139,2.2045096e-10
7210,2.2045096e-10
10049,2.2045096e-10
1621,2.2045096e-10
2301,2.2045096e-10
5798,2.2045096e-10
3812,2.2045096e-10
6190,2.2045096e-10
5503,2.2045096e-10
9972,2.2045096e-10
5646,2.2045096e-10
2003,2.2045096e-10
1069,2.2045096e-10
9656,2.2045096e-10
279,2.2045096e-10
4328,2.2045096e-10
7105,2.2045096e-10
1643,2.2045096e-10
3108,2.2045096e-10
3106,2.2045096e-10
1626,2.2045096e-10
9838,2.2045096e-10
6994,2.2045096e-10
3463,2.2045096e-10
781,2.2045096e-10
4337,2.2045096e-10
1639,2.2045096e-10
416,2.2045096e-10
7687,2.2045096e-10
9610,2.2045096e-10
2519,2.2045096e-10
10210,2.2045096e-10
8633,2.2045096e-10
1276,2.2045096e-10
4764,2.2045096e-10
7674,2.2045096e-10
6550,2.2045096e-10
3853,2.2045096e-10
341,2.2045096e-10
6258,2.2045096e-10
1884,2.2045096e-10
2855,2.2045096e-10
2196,2.2045096e-10
5326,2.2045096e-10
6380,2.2045096e-10
5580,2.2045096e-10
4563,2.2045096e-10
10414,2.2045096e-10
3226,2.2045096e-10
3175,2.2045096e-10
9457,2.2045096e-10
1705,2.2045096e-10
5910,2.2045096e-10
375,2.2045096e-10
10333,2.2045096e-10
3852,2.2045096e-10
1971,2.2045096e-10
8720,2.2045096e-10
1860,2.2045096e-10
10349,2.2045096e-10
4605,2.2045096e-10
7358,2.2045096e-10
8258,2.2045096e-10
5678,2.2045096e-10
694,2.2045096e-10
8482,2.2045096e-10
1924,2.2045096e-10
3716,2.2045096e-10
3282,2.2045096e-10
5746,2.2045096e-10
1518,2.2045096e-10
8741,2.2045096e-10
7630,2.2045096e-10
8276,2.2045096e-10
6939,2.2045096e-10
1435,2.2045096e-10
8157,2.2045096e-10
1041,2.2045096e-10
4478,2.2045096e-10
8307,2.2045096e-10
2094,2.2045096e-10
5916,2.2045096e-10
9848,2.2045096e-10
4803,2.2045096e-10
2147,2.2045096e-10
295,2.2045096e-10
861,2.2045096e-10
3822,2.2045096e-10
5609,2.2045096e-10
9450,2.2045096e-10
4122,2.2045096e-10
10558,2.2045096e-10
4285,2.2045096e-10
6184,2.2045096e-10
7295,2.2045096e-10
1926,2.2045096e-10
5026,2.2045096e-10
7952,2.2045096e-10
4194,2.2045096e-10
639,2.2045096e-10
2130,2.2045096e-10
3119,2.2045096e-10
3251,2.2045096e-10
5803,2.2045096e-10
9553,2.2045096e-10
5937,2.2045096e-10
2133,2.2045096e-10
693,2.2045096e-10
5944,2.2045096e-10
2227,2.2045096e-10
9915,2.2045096e-10
4044,2.2045096e-10
6033,2.2045096e-10
3270,2.2045096e-10
7050,2.2045096e-10
6185,2.2045096e-10
7984,2.2045096e-10
2109,2.2045096e-10
2244,2.2045096e-10
2481,2.2045096e-10
4332,2.2045096e-10
6016,2.2045096e-10
10162,2.2045096e-10
2453,2.2045096e-10
6228,2.2045096e-10
6166,2.2045096e-10
1411,2.2045096e-10
254,2.2045096e-10
7479,2.2045096e-10
1476,2.2045096e-10
7801,2.2045096e-10
4988,2.2045096e-10
4694,2.2045096e-10
10194,2.2045096e-10
2574,2.2045096e-10
8334,2.2045096e-10
419,2.2045096e-10
8643,2.2045096e-10
2548,2.2045096e-10
4615,2.2045096e-10
8772,2.2045096e-10
10463,2.2045096e-10
6756,2.2045096e-10
1503,2.2045096e-10
4095,2.2045096e-10
1723,2.2045096e-10
8829,2.2045096e-10
10085,2.2045096e-10
4796,2.2045096e-10
9756,2.2045096e-10
2158,2.2045096e-10
7273,2.2045096e-10
3056,2.2045096e-10
656,2.2045096e-10
3074,2.2045096e-10
4661,2.2045096e-10
3958,2.2045096e-10
4311,2.2045096e-10
8375,2.2045096e-10
7442,2.2045096e-10
3839,2.2045096e-10
6179,2.2045096e-10
3786,2.2045096e-10
8520,2.2045096e-10
3664,2.2045096e-10
2014,2.2045096e-10
8298,2.2045096e-10
4220,2.2045096e-10
10127,2.2045096e-10
6182,2.2045096e-10
3206,2.2045096e-10
8503,2.2045096e-10
5682,2.2045096e-10
5699,2.2045096e-10
6215,2.2045096e-10
1394,2.2045096e-10
9582,2.2045096e-10
10070,2.2045096e-10
4940,2.2045096e-10
4193,2.2045096e-10
3400,2.2045096e-10
4785,2.2045096e-10
7460,2.2045096e-10
5838,2.2045096e-10
2503,2.2045096e-10
2730,2.2045096e-10
7156,2.2045096e-10
5511,2.2045096e-10
438,2.2045096e-10
2233,2.2045096e-10
2016,2.2045096e-10
139,2.2045096e-10
384,2.2045096e-10
2313,2.2045096e-10
5145,2.2045096e-10
7864,2.2045096e-10
1195,2.2045096e-10
5365,2.2045096e-10
6977,2.2045096e-10
10001,2.2045096e-10
567,2.2045096e-10
9950,2.2045096e-10
157,2.2045096e-10
6553,2.2045096e-10
7337,2.2045096e-10
349,2.2045096e-10
4874,2.2045096e-10
10313,2.2045096e-10
8421,2.2045096e-10
9469,2.2045096e-10
9314,2.2045096e-10
3663,2.2045096e-10
7216,2.2045096e-10
8871,2.2045096e-10
5743,2.2045096e-10
2072,2.2045096e-10
2654,2.2045096e-10
5908,2.2045096e-10
9863,2.2045096e-10
457,2.2045096e-10
6965,2.2045096e-10
3030,2.2045096e-10
7765,2.2045096e-10
748,2.2045096e-10
6304,2.2045096e-10
9606,2.2045096e-10
10351,2.2045096e-10
406,2.2045096e-10
8120,2.2045096e-10
8486,2.2045096e-10
6998,2.2045096e-10
77,2.2045096e-10
841,2.2045096e-10
7709,2.2045096e-10
7404,2.2045096e-10
5606,2.2045096e-10
965,2.2045096e-10
3163,2.2045096e-10
10192,2.2045096e-10
6163,2.2045096e-10
9865,2.2045096e-10
9518,2.2045096e-10
1267,2.2045096e-10
2051,2.2045096e-10
2046,2.2045096e-10
1464,2.2045096e-10
2153,2.2045096e-10
6612,2.2045096e-10
4971,2.2045096e-10
866,2.2045096e-10
4124,2.2045096e-10
5086,2.2045096e-10
4351,2.2045096e-10
8101,2.2045096e-10
7912,2.2045096e-10
2504,2.2045096e-10
2837,2.2045096e-10
2034,2.2045096e-10
4844,2.2045096e-10
7780,2.2045096e-10
5901,2.2045096e-10
3296,2.2045096e-10
7299,2.2045096e-10
8574,2.2045096e-10
7472,2.2045096e-10
2276,2.2045096e-10
5980,2.2045096e-10
3184,2.2045096e-10
4359,2.2045096e-10
1064,2.2045096e-10
9039,2.2045096e-10
6376,2.2045096e-10
1706,2.2045096e-10
7970,2.2045096e-10
3540,2.2045096e-10
1407,2.2045096e-10
4561,2.2045096e-10
6691,2.2045096e-10
7172,2.2045096e-10
1923,2.2045096e-10
4407,2.2045096e-10
6777,2.2045096e-10
2600,2.2045096e-10
1936,2.2045096e-10
9778,2.2045096e-10
2766,2.2045096e-10
6668,2.2045096e-10
9013,2.2045096e-10
4319,2.2045096e-10
3263,2.2045096e-10
1612,2.2045096e-10
5132,2.2045096e-10
216,2.2045096e-10
7232,2.2045096e-10
9373,2.2045096e-10
5030,2.2045096e-10
10107,2.2045096e-10
8309,2.2045096e-10
8449,2.2045096e-10
6961,2.2045096e-10
4954,2.2045096e-10
7344,2.2045096e-10
8146,2.2045096e-10
1132,2.2045096e-10
6145,2.2045096e-10
1353,2.2045096e-10
3624,2.2045096e-10
5058,2.2045096e-10
9789,2.2045096e-10
7290,2.2045096e-10
8583,2.2045096e-10
1088,2.2045096e-10
9210,2.2045096e-10
8240,2.2045096e-10
3326,2.2045096e-10
6315,2.2045096e-10
8410,2.2045096e-10
4535,2.2045096e-10
5991,2.2045096e-10
1874,2.2045096e-10
1898,2.2045096e-10
3557,2.2045096e-10
8587,2.2045096e-10
4190,2.2045096e-10
7261,2.2045096e-10
6854,2.2045096e-10
9375,2.2045096e-10
6317,2.2045096e-10
7713,2.2045096e-10
7058,2.2045096e-10
7628,2.2045096e-10
3513,2.2045096e-10
7953,2.2045096e-10
3445,2.2045096e-10
8461,2.2045096e-10
2834,2.2045096e-10
3414,2.2045096e-10
9262,2.2045096e-10
9235,2.2045096e-10
3146,2.2045096e-10
3379,2.2045096e-10
1701,2.2045096e-10
5527,2.2045096e-10
8031,2.2045096e-10
4032,2.2045096e-10
9782,2.2045096e-10
7656,2.2045096e-10
2985,2.2045096e-10
9334,2.2045096e-10
3343,2.2045096e-10
4760,2.2045096e-10
10311,2.2045096e-10
2609,2.2045096e-10
5117,2.2045096e-10
6724,2.2045096e-10
671,2.2045096e-10
798,2.2045096e-10
2341,2.2045096e-10
4262,2.2045096e-10
1950,2.2045096e-10
799,2.2045096e-10
2575,2.2045096e-10
660,2.2045096e-10
6432,2.2045096e-10
3168,2.2045096e-10
7435,2.2045096e-10
4010,2.2045096e-10
2882,2.2045096e-10
5930,2.2045096e-10
7716,2.2045096e-10
4054,2.2045096e-10
3148,2.2045096e-10
670,2.2045096e-10
3519,2.2045096e-10
5770,2.2045096e-10
8876,2.2045096e-10
8357,2.2045096e-10
1620,2.2045096e-10
8558,2.2045096e-10
6786,2.2045096e-10
3825,2.2045096e-10
5857,2.2045096e-10
7685,2.2045096e-10
3947,2.2045096e-10
6449,2.2045096e-10
8636,2.2045096e-10
6046,2.2045096e-10
3205,2.2045096e-10
9435,2.2045096e-10
6865,2.2045096e-10
281,2.2045096e-10
6922,2.2045096e-10
3536,2.2045096e-10
4555,2.2045096e-10
5364,2.2045096e-10
2483,2.2045096e-10
3524,2.2045096e-10
3117,2.2045096e-10
1152,2.2045096e-10
3912,2.2045096e-10
1297,2.2045096e-10
2896,2.2045096e-10
5804,2.2045096e-10
5722,2.2045096e-10
189,2.2045096e-10
2376,2.2045096e-10
4635,2.2045096e-10
4801,2.2045096e-10
5972,2.2045096e-10
2461,2.2045096e-10
1168,2.2045096e-10
5136,2.2045096e-10
7806,2.2045096e-10
2559,2.2045096e-10
2139,2.2045096e-10
10562,2.2045096e-10
1497,2.2045096e-10
4757,2.2045096e-10
1354,2.2045096e-10
5896,2.2045096e-10
6453,2.2045096e-10
1426,2.2045096e-10
4271,2.2045096e-10
7673,2.2045096e-10
7782,2.2045096e-10
8181,2.2045096e-10
1797,2.2045096e-10
8615,2.2045096e-10
3097,2.2045096e-10
5306,2.2045096e-10
9633,2.2045096e-10
8700,2.2045096e-10
9876,2.2045096e-10
8045,2.2045096e-10
7750,2.2045096e-10
6370,2.2045096e-10
7093,2.2045096e-10
8018,2.2045096e-10
1118,2.2045096e-10
4849,2.2045096e-10
9627,2.2045096e-10
829,2.2045096e-10
4164,2.2045096e-10
1707,2.2045096e-10
6752,2.2045096e-10
6236,2.2045096e-10
4052,2.2045096e-10
5283,2.2045096e-10
2856,2.2045096e-10
4630,2.2045096e-10
9563,2.2045096e-10
6576,2.2045096e-10
5721,2.2045096e-10
4305,2.2045096e-10
8972,2.2045096e-10
1694,2.2045096e-10
3582,2.2045096e-10
3913,2.2045096e-10
470,2.2045096e-10
4195,2.2045096e-10
3422,2.2045096e-10
9744,2.2045096e-10
4206,2.2045096e-10
7971,2.2045096e-10
141,2.2045096e-10
1994,2.2045096e-10
1602,2.2045096e-10
1031,2.2045096e-10
9150,2.2045096e-10
8528,2.2045096e-10
7545,2.2045096e-10
7448,2.2045096e-10
1821,2.2045096e-10
10075,2.2045096e-10
5242,2.2045096e-10
822,2.2045096e-10
4826,2.2045096e-10
910,2.2045096e-10
10147,2.2045096e-10
2018,2.2045096e-10
8916,2.2045096e-10
4880,2.2045096e-10
184,2.2045096e-10
6081,2.2045096e-10
4281,2.2045096e-10
7418,2.2045096e-10
6054,2.2045096e-10
7972,2.2045096e-10
4894,2.2045096e-10
5313,2.2045096e-10
5046,2.2045096e-10
7183,2.2045096e-10
5347,2.2045096e-10
5051,2.2045096e-10
495,2.2045096e-10
5985,2.2045096e-10
1227,2.2045096e-10
7594,2.2045096e-10
6178,2.2045096e-10
9344,2.2045096e-10
3681,2.2045096e-10
2805,2.2045096e-10
8237,2.2045096e-10
5139,2.2045096e-10
2347,2.2045096e-10
1978,2.2045096e-10
7824,2.2045096e-10
873,2.2045096e-10
2569,2.2045096e-10
4704,2.2045096e-10
6974,2.2045096e-10
4454,2.2045096e-10
35,2.2045096e-10
8231,2.2045096e-10
9280,2.2045096e-10
6567,2.2045096e-10
2088,2.2045096e-10
925,2.2045096e-10
9958,2.2045096e-10
5234,2.2045096e-10
7623,2.2045096e-10
6074,2.2045096e-10
8115,2.2045096e-10
10462,2.2045096e-10
5008,2.2045096e-10
1256,2.2045096e-10
5001,2.2045096e-10
6885,2.2045096e-10
7509,2.2045096e-10
6251,2.2045096e-10
7250,2.2045096e-10
9502,2.2045096e-10
267,2.2045096e-10
4109,2.2045096e-10
819,2.2045096e-10
9397,2.2045096e-10
3707,2.2045096e-10
870,2.2045096e-10
10203,2.2045096e-10
9241,2.2045096e-10
5215,2.2045096e-10
982,2.2045096e-10
3878,2.2045096e-10
1847,2.2045096e-10
10457,2.2045096e-10
7811,2.2045096e-10
6205,2.2045096e-10
8311,2.2045096e-10
7657,2.2045096e-10
8174,2.2045096e-10
2119,2.2045096e-10
7893,2.2045096e-10
7754,2.2045096e-10
3684,2.2045096e-10
3585,2.2045096e-10
300,2.2045096e-10
9176,2.2045096e-10
5879,2.2045096e-10
1457,2.2045096e-10
5040,2.2045096e-10
1862,2.2045096e-10
9749,2.2045096e-10
161,2.2045096e-10
6134,2.2045096e-10
4995,2.2045096e-10
54,2.2045096e-10
5125,2.2045096e-10
2032,2.2045096e-10
8210,2.2045096e-10
3816,2.2045096e-10
1769,2.2045096e-10
6156,2.2045096e-10
8667,2.2045096e-10
2974,2.2045096e-10
3417,2.2045096e-10
2835,2.2045096e-10
1668,2.2045096e-10
10028,2.2045096e-10
5619,2.2045096e-10
3169,2.2045096e-10
9153,2.2045096e-10
8746,2.2045096e-10
8049,2.2045096e-10
10564,2.2045096e-10
8691,2.2045096e-10
2765,2.2045096e-10
52,2.2045096e-10
2663,2.2045096e-10
3014,2.2045096e-10
9453,2.2045096e-10
8078,2.2045096e-10
2356,2.2045096e-10
7595,2.2045096e-10
2195,2.2045096e-10
7633,2.2045096e-10
1259,2.2045096e-10
5214,2.2045096e-10
531,2.2045096e-10
2398,2.2045096e-10
5458,2.2045096e-10
2794,2.2045096e-10
153,2.2045096e-10
256,2.2045096e-10
8787,2.2045096e-10
4496,2.2045096e-10
9649,2.2045096e-10
461,2.2045096e-10
502,2.2045096e-10
529,2.2045096e-10
5529,2.2045096e-10
9391,2.2045096e-10
1032,2.2045096e-10
9896,2.2045096e-10
5557,2.2045096e-10
1836,2.2045096e-10
3476,2.2045096e-10
7104,2.2045096e-10
5480,2.2045096e-10
1717,2.2045096e-10
1333,2.2045096e-10
1806,2.2045096e-10
8297,2.2045096e-10
2806,2.2045096e-10
3407,2.2045096e-10
10518,2.2045096e-10
6043,2.2045096e-10
8857,2.2045096e-10
8456,2.2045096e-10
427,2.2045096e-10
4028,2.2045096e-10
1988,2.2045096e-10
7354,2.2045096e-10
2393,2.2045096e-10
452,2.2045096e-10
5445,2.2045096e-10
7637,2.2045096e-10
5486,2.2045096e-10
4175,2.2045096e-10
6068,2.2045096e-10
8968,2.2045096e-10
9384,2.2045096e-10
7470,2.2045096e-10
9319,2.2045096e-10
5817,2.2045096e-10
10294,2.2045096e-10
1313,2.2045096e-10
10181,2.2045096e-10
5269,2.2045096e-10
127,2.2045096e-10
989,2.2045096e-10
10234,2.2045096e-10
4799,2.2045096e-10
3834,2.2045096e-10
9206,2.2045096e-10
4753,2.2045096e-10
4437,2.2045096e-10
3520,2.2045096e-10
10124,2.2045096e-10
1318,2.2045096e-10
2055,2.2045096e-10
690,2.2045096e-10
1294,2.2045096e-10
6522,2.2045096e-10
4453,2.2045096e-10
624,2.2045096e-10
2863,2.2045096e-10
4922,2.2045096e-10
4120,2.2045096e-10
8164,2.2045096e-10
2317,2.2045096e-10
6058,2.2045096e-10
1428,2.2045096e-10
3577,2.2045096e-10
5811,2.2045096e-10
1430,2.2045096e-10
4488,2.2045096e-10
9634,2.2045096e-10
4482,2.2045096e-10
4580,2.2045096e-10
2571,2.2045096e-10
10499,2.2045096e-10
3932,2.2045096e-10
377,2.2045096e-10
5851,2.2045096e-10
6384,2.2045096e-10
6470,2.2045096e-10
8505,2.2045096e-10
4268,2.2045096e-10
10397,2.2045096e-10
4309,2.2045096e-10
1949,2.2045096e-10
2097,2.2045096e-10
9709,2.2045096e-10
4936,2.2045096e-10
4033,2.2045096e-10
3828,2.2045096e-10
8862,2.2045096e-10
374,2.2045096e-10
401,2.2045096e-10
10015,2.2045096e-10
7613,2.2045096e-10
4397,2.2045096e-10
2329,2.2045096e-10
4733,2.2045096e-10
1552,2.2045096e-10
2486,2.2045096e-10
940,2.2045096e-10
7118,2.2045096e-10
8060,2.2045096e-10
1550,2.2045096e-10
6202,2.2045096e-10
8980,2.2045096e-10
8162,2.2045096e-10
10066,2.2045096e-10
7981,2.2045096e-10
7336,2.2045096e-10
6277,2.2045096e-10
1670,2.2045096e-10
6007,2.2045096e-10
7832,2.2045096e-10
2612,2.2045096e-10
8320,2.2045096e-10
1779,2.2045096e-10
6107,2.2045096e-10
2537,2.2045096e-10
2726,2.2045096e-10
8717,2.2045096e-10
2201,2.2045096e-10
6276,2.2045096e-10
3293,2.2045096e-10
7907,2.2045096e-10
7321,2.2045096e-10
840,2.2045096e-10
1081,2.2045096e-10
8289,2.2045096e-10
343,2.2045096e-10
8184,2.2045096e-10
7166,2.2045096e-10
8805,2.2045096e-10
9407,2.2045096e-10
5573,2.2045096e-10
9330,2.2045096e-10
2215,2.2045096e-10
4105,2.2045096e-10
7699,2.2045096e-10
5850,2.2045096e-10
10228,2.2045096e-10
638,2.2045096e-10
5633,2.2045096e-10
5919,2.2045096e-10
4573,2.2045096e-10
7164,2.2045096e-10
5093,2.2045096e-10
9815,2.2045096e-10
8411,2.2045096e-10
8955,2.2045096e-10
9556,2.2045096e-10
7349,2.2045096e-10
8436,2.2045096e-10
2631,2.2045096e-10
2739,2.2045096e-10
3930,2.2045096e-10
6833,2.2045096e-10
9186,2.2045096e-10
3150,2.2045096e-10
8328,2.2045096e-10
4006,2.2045096e-10
3065,2.2045096e-10
3305,2.2045096e-10
2506,2.2045096e-10
9737,2.2045096e-10
5178,2.2045096e-10
9452,2.2045096e-10
10111,2.2045096e-10
1652,2.2045096e-10
10134,2.2045096e-10
7247,2.2045096e-10
4363,2.2045096e-10
1712,2.2045096e-10
4232,2.2045096e-10
5626,2.2045096e-10
3049,2.2045096e-10
5397,2.2045096e-10
8637,2.2045096e-10
8785,2.2045096e-10
4438,2.2045096e-10
1410,2.2045096e-10
6902,2.2045096e-10
187,2.2045096e-10
3883,2.2045096e-10
3988,2.2045096e-10
5620,2.2045096e-10
2904,2.2045096e-10
3926,2.2045096e-10
9020,2.2045096e-10
2947,2.2045096e-10
2364,2.2045096e-10
5291,2.2045096e-10
7078,2.2045096e-10
4477,2.2045096e-10
4333,2.2045096e-10
9247,2.2045096e-10
6957,2.2045096e-10
7281,2.2045096e-10
4012,2.2045096e-10
975,2.2045096e-10
8037,2.2045096e-10
10408,2.2045096e-10
2900,2.2045096e-10
6457,2.2045096e-10
9292,2.2045096e-10
2115,2.2045096e-10
9001,2.2045096e-10
8981,2.2045096e-10
6085,2.2045096e-10
49,2.2045096e-10
210,2.2045096e-10
1607,2.2045096e-10
5256,2.2045096e-10
3170,2.2045096e-10
147,2.2045096e-10
7627,2.2045096e-10
83,2.2045096e-10
3686,2.2045096e-10
5133,2.2045096e-10
935,2.2045096e-10
2875,2.2045096e-10
7277,2.2045096e-10
55,2.2045096e-10
1253,2.2045096e-10
3406,2.2045096e-10
2474,2.2045096e-10
8451,2.2045096e-10
7301,2.2045096e-10
8466,2.2045096e-10
7499,2.2045096e-10
4926,2.2045096e-10
9033,2.2045096e-10
3999,2.2045096e-10
1017,2.2045096e-10
947,2.2045096e-10
7798,2.2045096e-10
6280,2.2045096e-10
6393,2.2045096e-10
8056,2.2045096e-10
9003,2.2045096e-10
4481,2.2045096e-10
5134,2.2045096e-10
4804,2.2045096e-10
34,2.2045096e-10
5659,2.2045096e-10
4519,2.2045096e-10
6272,2.2045096e-10
765,2.2045096e-10
3752,2.2045096e-10
1753,2.2045096e-10
2123,2.2045096e-10
1802,2.2045096e-10
7678,2.2045096e-10
4547,2.2045096e-10
3793,2.2045096e-10
7453,2.2045096e-10
5330,2.2045096e-10
4093,2.2045096e-10
2362,2.2045096e-10
7116,2.2045096e-10
3135,2.2045096e-10
10536,2.2045096e-10
8484,2.2045096e-10
9002,2.2045096e-10
10204,2.2045096e-10
7570,2.2045096e-10
1275,2.2045096e-10
3630,2.2045096e-10
9096,2.2045096e-10
3475,2.2045096e-10
4818,2.2045096e-10
2019,2.2045096e-10
10402,2.2045096e-10
643,2.2045096e-10
9927,2.2045096e-10
2827,2.2045096e-10
288,2.2045096e-10
7886,2.2045096e-10
6584,2.2045096e-10
5554,2.2045096e-10
6329,2.2045096e-10
1233,2.2045096e-10
2541,2.2045096e-10
1150,2.2045096e-10
8459,2.2045096e-10
1814,2.2045096e-10
5564,2.2045096e-10
4306,2.2045096e-10
2144,2.2045096e-10
9792,2.2045096e-10
4634,2.2045096e-10
10084,2.2045096e-10
9847,2.2045096e-10
8510,2.2045096e-10
8921,2.2045096e-10
2509,2.2045096e-10
2111,2.2045096e-10
7505,2.2045096e-10
556,2.2045096e-10
9596,2.2045096e-10
1863,2.2045096e-10
8172,2.2045096e-10
8404,2.2045096e-10
3607,2.2045096e-10
7802,2.2045096e-10
3503,2.2045096e-10
5624,2.2045096e-10
331,2.2045096e-10
542,2.2045096e-10
9705,2.2045096e-10
3592,2.2045096e-10
5018,2.2045096e-10
5800,2.2045096e-10
8651,2.2045096e-10
7600,2.2045096e-10
9509,2.2045096e-10
5431,2.2045096e-10
7454,2.2045096e-10
8106,2.2045096e-10
3137,2.2045096e-10
702,2.2045096e-10
6287,2.2045096e-10
5657,2.2045096e-10
8027,2.2045096e-10
5350,2.2045096e-10
30,2.2045096e-10
2677,2.2045096e-10
3898,2.2045096e-10
9451,2.2045096e-10
9949,2.2045096e-10
8074,2.2045096e-10
6618,2.2045096e-10
8351,2.2045096e-10
7861,2.2045096e-10
8914,2.2045096e-10
9820,2.2045096e-10
9148,2.2045096e-10
1334,2.2045096e-10
1684,2.2045096e-10
6414,2.2045096e-10
6967,2.2045096e-10
1726,2.2045096e-10
9178,2.2045096e-10
6642,2.2045096e-10
1024,2.2045096e-10
6437,2.2045096e-10
7042,2.2045096e-10
5319,2.2045096e-10
4594,2.2045096e-10
3702,2.2045096e-10
4882,2.2045096e-10
4243,2.2045096e-10
4750,2.2045096e-10
5735,2.2045096e-10
1432,2.2045096e-10
7576,2.2045096e-10
7455,2.2045096e-10
5563,2.2045096e-10
2291,2.2045096e-10
5386,2.2045096e-10
8490,2.2045096e-10
2357,2.2045096e-10
5473,2.2045096e-10
7091,2.2045096e-10
2464,2.2045096e-10
2801,2.2045096e-10
6604,2.2045096e-10
2122,2.2045096e-10
4320,2.2045096e-10
1841,2.2045096e-10
8129,2.2045096e-10
3149,2.2045096e-10
10525,2.2045096e-10
1869,2.2045096e-10
8664,2.2045096e-10
1941,2.2045096e-10
5216,2.2045096e-10
7993,2.2045096e-10
7327,2.2045096e-10
4076,2.2045096e-10
6544,2.2045096e-10
3300,2.2045096e-10
9139,2.2045096e-10
6761,2.2045096e-10
2220,2.2045096e-10
5661,2.2045096e-10
1676,2.2045096e-10
1572,2.2045096e-10
9545,2.2045096e-10
212,2.2045096e-10
2498,2.2045096e-10
5758,2.2045096e-10
241,2.2045096e-10
7872,2.2045096e-10
10546,2.2045096e-10
9615,2.2045096e-10
882,2.2045096e-10
5753,2.2045096e-10
547,2.2045096e-10
10275,2.2045096e-10
7686,2.2045096e-10
6508,2.2045096e-10
4296,2.2045096e-10
6625,2.2045096e-10
404,2.2045096e-10
1289,2.2045096e-10
5239,2.2045096e-10
10261,2.2045096e-10
2649,2.2045096e-10
9886,2.2045096e-10
5341,2.2045096e-10
869,2.2045096e-10
5533,2.2045096e-10
1560,2.2045096e-10
9892,2.2045096e-10
1933,2.2045096e-10
5885,2.2045096e-10
7833,2.2045096e-10
7296,2.2045096e-10
7373,2.2045096e-10
8983,2.2045096e-10
5842,2.2045096e-10
2194,2.2045096e-10
132,2.2045096e-10
2659,2.2045096e-10
7896,2.2045096e-10
7887,2.2045096e-10
5745,2.2045096e-10
2409,2.2045096e-10
2253,2.2045096e-10
1434,2.2045096e-10
6946,2.2045096e-10
6510,2.2045096e-10
6982,2.2045096e-10
8999,2.2045096e-10
5170,2.2045096e-10
10158,2.2045096e-10
234,2.2045096e-10
9034,2.2045096e-10
3801,2.2045096e-10
3887,2.2045096e-10
10361,2.2045096e-10
5385,2.2045096e-10
6575,2.2045096e-10
3560,2.2045096e-10
2112,2.2045096e-10
4307,2.2045096e-10
8704,2.2045096e-10
10476,2.2045096e-10
4637,2.2045096e-10
2953,2.2045096e-10
1320,2.2045096e-10
3264,2.2045096e-10
7904,2.2045096e-10
9144,2.2045096e-10
4494,2.2045096e-10
4819,2.2045096e-10
3781,2.2045096e-10
3459,2.2045096e-10
5681,2.2045096e-10
6507,2.2045096e-10
3722,2.2045096e-10
398,2.2045096e-10
9377,2.2045096e-10
978,2.2045096e-10
3104,2.2045096e-10
2693,2.2045096e-10
3803,2.2045096e-10
9533,2.2045096e-10
1173,2.2045096e-10
10307,2.2045096e-10
10326,2.2045096e-10
5113,2.2045096e-10
1116,2.2045096e-10
10452,2.2045096e-10
8013,2.2045096e-10
6491,2.2045096e-10
9906,2.2045096e-10
7531,2.2045096e-10
102,2.2045096e-10
5233,2.2045096e-10
1661,2.2045096e-10
8280,2.2045096e-10
1000,2.2045096e-10
3743,2.2045096e-10
1501,2.2045096e-10
3809,2.2045096e-10
8647,2.2045096e-10
1959,2.2045096e-10
1690,2.2045096e-10
5498,2.2045096e-10
837,2.2045096e-10
8788,2.2045096e-10
4114,2.2045096e-10
1413,2.2045096e-10
6836,2.2045096e-10
4240,2.2045096e-10
1908,2.2045096e-10
5750,2.2045096e-10
10087,2.2045096e-10
2680,2.2045096e-10
4323,2.2045096e-10
4439,2.2045096e-10
8517,2.2045096e-10
933,2.2045096e-10
33,2.2045096e-10
4295,2.2045096e-10
3258,2.2045096e-10
7497,2.2045096e-10
9276,2.2045096e-10
9811,2.2045096e-10
3833,2.2045096e-10
7682,2.2045096e-10
1748,2.2045096e-10
3693,2.2045096e-10
3608,2.2045096e-10
10230,2.2045096e-10
5468,2.2045096e-10
10464,2.2045096e-10
6932,2.2045096e-10
3616,2.2045096e-10
9603,2.2045096e-10
10394,2.2045096e-10
5509,2.2045096e-10
3731,2.2045096e-10
5827,2.2045096e-10
10527,2.2045096e-10
7004,2.2045096e-10
3210,2.2045096e-10
59,2.2045096e-10
2660,2.2045096e-10
1909,2.2045096e-10
8569,2.2045096e-10
2862,2.2045096e-10
5966,2.2045096e-10
2639,2.2045096e-10
6838,2.2045096e-10
9527,2.2045096e-10
5345,2.2045096e-10
7702,2.2045096e-10
3242,2.2045096e-10
6516,2.2045096e-10
10412,2.2045096e-10
8213,2.2045096e-10
2598,2.2045096e-10
6193,2.2045096e-10
9593,2.2045096e-10
6646,2.2045096e-10
5388,2.2045096e-10
6413,2.2045096e-10
1540,2.2045096e-10
8660,2.2045096e-10
2999,2.2045096e-10
3194,2.2045096e-10
9437,2.2045096e-10
9473,2.2045096e-10
877,2.2045096e-10
9640,2.2045096e-10
4434,2.2045096e-10
8385,2.2045096e-10
2542,2.2045096e-10
3281,2.2045096e-10
7820,2.2045096e-10
1418,2.2045096e-10
6079,2.2045096e-10
3685,2.2045096e-10
9361,2.2045096e-10
3364,2.2045096e-10
7495,2.2045096e-10
8226,2.2045096e-10
8043,2.2045096e-10
9924,2.2045096e-10
6018,2.2045096e-10
3,2.2045096e-10
4592,2.2045096e-10
10125,2.2045096e-10
8900,2.2045096e-10
7028,2.2045096e-10
3419,2.2045096e-10
5514,2.2045096e-10
2770,2.2045096e-10
5007,2.2045096e-10
1931,2.2045096e-10
9768,2.2045096e-10
3337,2.2045096e-10
703,2.2045096e-10
6685,2.2045096e-10
6064,2.2045096e-10
1881,2.2045096e-10
4842,2.2045096e-10
8432,2.2045096e-10
3569,2.2045096e-10
9797,2.2045096e-10
2829,2.2045096e-10
3739,2.2045096e-10
2128,2.2045096e-10
2372,2.2045096e-10
3354,2.2045096e-10
3321,2.2045096e-10
8532,2.2045096e-10
1800,2.2045096e-10
2560,2.2045096e-10
3936,2.2045096e-10
2588,2.2045096e-10
4890,2.2045096e-10
8912,2.2045096e-10
6192,2.2045096e-10
8658,2.2045096e-10
5272,2.2045096e-10
10404,2.2045096e-10
2299,2.2045096e-10
9419,2.2045096e-10
3018,2.2045096e-10
8642,2.2045096e-10
6594,2.2045096e-10
8852,2.2045096e-10
9212,2.2045096e-10
7081,2.2045096e-10
8469,2.2045096e-10
1372,2.2045096e-10
2514,2.2045096e-10
2311,2.2045096e-10
5548,2.2045096e-10
9024,2.2045096e-10
10324,2.2045096e-10
7735,2.2045096e-10
1488,2.2045096e-10
9130,2.2045096e-10
2307,2.2045096e-10
2374,2.2045096e-10
10519,2.2045096e-10
10264,2.2045096e-10
9908,2.2045096e-10
1073,2.2045096e-10
118,2.2045096e-10
8884,2.2045096e-10
242,2.2045096e-10
6300,2.2045096e-10
5422,2.2045096e-10
899,2.2045096e-10
773,2.2045096e-10
70,2.2045096e-10
9249,2.2045096e-10
8847,2.2045096e-10
432,2.2045096e-10
468,2.2045096e-10
7830,2.2045096e-10
4642,2.2045096e-10
1782,2.2045096e-10
8683,2.2045096e-10
8551,2.2045096e-10
5224,2.2045096e-10
922,2.2045096e-10
757,2.2045096e-10
1101,2.2045096e-10
6804,2.2045096e-10
9266,2.2045096e-10
6487,2.2045096e-10
5627,2.2045096e-10
4972,2.2045096e-10
3596,2.2045096e-10
1420,2.2045096e-10
10209,2.2045096e-10
8629,2.2045096e-10
3147,2.2045096e-10
9821,2.2045096e-10
10377,2.2045096e-10
456,2.2045096e-10
9887,2.2045096e-10
8864,2.2045096e-10
5665,2.2045096e-10
1764,2.2045096e-10
9198,2.2045096e-10
7536,2.2045096e-10
991,2.2045096e-10
1537,2.2045096e-10
3450,2.2045096e-10
5663,2.2045096e-10
4221,2.2045096e-10
3350,2.2045096e-10
943,2.2045096e-10
3203,2.2045096e-10
1144,2.2045096e-10
2334,2.2045096e-10
7074,2.2045096e-10
10071,2.2045096e-10
7540,2.2045096e-10
4143,2.2045096e-10
6643,2.2045096e-10
1067,2.2045096e-10
6356,2.2045096e-10
8133,2.2045096e-10
108,2.2045096e-10
308,2.2045096e-10
7432,2.2045096e-10
2652,2.2045096e-10
4740,2.2045096e-10
7048,2.2045096e-10
490,2.2045096e-10
6808,2.2045096e-10
7990,2.2045096e-10
4460,2.2045096e-10
6803,2.2045096e-10
2414,2.2045096e-10
8085,2.2045096e-10
2031,2.2045096e-10
8476,2.2045096e-10
9840,2.2045096e-10
2853,2.2045096e-10
8114,2.2045096e-10
6245,2.2045096e-10
8918,2.2045096e-10
2621,2.2045096e-10
5344,2.2045096e-10
3775,2.2045096e-10
631,2.2045096e-10
10481,2.2045096e-10
8188,2.2045096e-10
9830,2.2045096e-10
5426,2.2045096e-10
6688,2.2045096e-10
4132,2.2045096e-10
588,2.2045096e-10
5600,2.2045096e-10
4743,2.2045096e-10
8711,2.2045096e-10
6039,2.2045096e-10
4576,2.2045096e-10
6941,2.2045096e-10
10202,2.2045096e-10
6632,2.2045096e-10
1079,2.2045096e-10
9642,2.2045096e-10
5401,2.2045096e-10
600,2.2045096e-10
4873,2.2045096e-10
5558,2.2045096e-10
483,2.2045096e-10
10378,2.2045096e-10
9004,2.2045096e-10
2809,2.2045096e-10
9542,2.2045096e-10
3215,2.2045096e-10
6924,2.2045096e-10
7213,2.2045096e-10
3105,2.2045096e-10
9771,2.2045096e-10
632,2.2045096e-10
3232,2.2045096e-10
1543,2.2045096e-10
2164,2.2045096e-10
4559,2.2045096e-10
9530,2.2045096e-10
2033,2.2045096e-10
2842,2.2045096e-10
4186,2.2045096e-10
4078,2.2045096e-10
8093,2.2045096e-10
7286,2.2045096e-10
7044,2.2045096e-10
9234,2.2045096e-10
8536,2.2045096e-10
307,2.2045096e-10
4382,2.2045096e-10
1350,2.2045096e-10
4632,2.2045096e-10
5639,2.2045096e-10
6445,2.2045096e-10
10511,2.2045096e-10
8601,2.2045096e-10
137,2.2045096e-10
2298,2.2045096e-10
8978,2.2045096e-10
7218,2.2045096e-10
856,2.2045096e-10
736,2.2045096e-10
7719,2.2045096e-10
3177,2.2045096e-10
2564,2.2045096e-10
3123,2.2045096e-10
4827,2.2045096e-10
6386,2.2045096e-10
708,2.2045096e-10
1414,2.2045096e-10
7190,2.2045096e-10
10298,2.2045096e-10
838,2.2045096e-10
10145,2.2045096e-10
3071,2.2045096e-10
5329,2.2045096e-10
462,2.2045096e-10
9809,2.2045096e-10
7279,2.2045096e-10
2707,2.2045096e-10
3671,2.2045096e-10
516,2.2045096e-10
10395,2.2045096e-10
8167,2.2045096e-10
2138,2.2045096e-10
5192,2.2045096e-10
1377,2.2045096e-10
1390,2.2045096e-10
1244,2.2045096e-10
8424,2.2045096e-10
205,2.2045096e-10
9592,2.2045096e-10
116,2.2045096e-10
8306,2.2045096e-10
7649,2.2045096e-10
9560,2.2045096e-10
2102,2.2045096e-10
10490,2.2045096e-10
97,2.2045096e-10
7618,2.2045096e-10
9413,2.2045096e-10
6148,2.2045096e-10
7147,2.2045096e-10
2430,2.2045096e-10
7539,2.2045096e-10
7475,2.2045096e-10
7796,2.2045096e-10
1582,2.2045096e-10
8454,2.2045096e-10
3164,2.2045096e-10
2375,2.2045096e-10
980,2.2045096e-10
10233,2.2045096e-10
2271,2.2045096e-10
7843,2.2045096e-10
6165,2.2045096e-10
3449,2.2045096e-10
8757,2.2045096e-10
9757,2.2045096e-10
6925,2.2045096e-10
6191,2.2045096e-10
6985,2.2045096e-10
9064,2.2045096e-10
2691,2.2045096e-10
657,2.2045096e-10
858,2.2045096e-10
6677,2.2045096e-10
642,2.2045096e-10
2627,2.2045096e-10
1569,2.2045096e-10
3674,2.2045096e-10
10095,2.2045096e-10
7423,2.2045096e-10
4993,2.2045096e-10
4983,2.2045096e-10
7070,2.2045096e-10
700,2.2045096e-10
2447,2.2045096e-10
2380,2.2045096e-10
8418,2.2045096e-10
1288,2.2045096e-10
9400,2.2045096e-10
8530,2.2045096e-10
784,2.2045096e-10
2969,2.2045096e-10
892,2.2045096e-10
5679,2.2045096e-10
4650,2.2045096e-10
994,2.2045096e-10
9751,2.2045096e-10
9462,2.2045096e-10
4958,2.2045096e-10
506,2.2045096e-10
4631,2.2045096e-10
4321,2.2045096e-10
5617,2.2045096e-10
7571,2.2045096e-10
6873,2.2045096e-10
7964,2.2045096e-10
4567,2.2045096e-10
7429,2.2045096e-10
3615,2.2045096e-10
8744,2.2045096e-10
1142,2.2045096e-10
6189,2.2045096e-10
3411,2.2045096e-10
9133,2.2045096e-10
5806,2.2045096e-10
2385,2.2045096e-10
801,2.2045096e-10
4672,2.2045096e-10
6530,2.2045096e-10
260,2.2045096e-10
6624,2.2045096e-10
2001,2.2045096e-10
8403,2.2045096e-10
4935,2.2045096e-10
7264,2.2045096e-10
9714,2.2045096e-10
5903,2.2045096e-10
3176,2.2045096e-10
7441,6.230993e-09
